Snapshot_Date,Report_Month,Subject_Community_ID,Source_Property_Name,Floor_Plan,Bed_Count,Bath_Count,Sq_Ft,Total_Units,Unit_Mix,Leased_Units_Last_7_Days,Leased_Days_On_Market,Leased_Asking_Rent,Leased_Asking_Rent_PSF,Available_Units,Available_Days_On_Market,Available_Asking_Rent,Available_Asking_Rent_PSF,Last_7_Days_Asking_Rent_Trend,Source_File_Name
2026-04-28,2026-04-01,SER,RISE Sereno,The Hanson,0,1,608,22.2040816327,0.06875,2,38.5,1412,2.32236838341,7,42,1428,2.34868431091,0.0356379187455,2026_04_29_11_40_RISE_Sereno_Market.xlsx
2026-04-28,2026-04-01,SER,Tapestry East Bay Apartments,The Navarre,0,1,688,11,0.0320699708455,1,27.5,1600,2.32558131218,1,23,1595,2.31831383705,0,2026_04_29_11_40_RISE_Sereno_Market.xlsx
2026-04-28,2026-04-01,SER,Tapestry Big Bend,The Navarre,0,1,688,13.3203883495,0.0379008746356,1,26,1600,2.32558131218,1,7,1595,2.31831383705,0,2026_04_29_11_40_RISE_Sereno_Market.xlsx
2026-04-28,2026-04-01,SER,The Whitt,"
A1                                ",1,1,650,10.9137931034,0.0521327014218,0,107,,,5,58,1748,2.68923068047,0,2026_04_29_11_40_RISE_Sereno_Market.xlsx
2026-04-28,2026-04-01,SER,Avilla Cypress Creek,Birch,1,1,680,4.54054054054,0.0297619047619,0,,,,4,2,1912,2.8117647171,0,2026_04_29_11_40_RISE_Sereno_Market.xlsx
2026-04-28,2026-04-01,SER,The Parian,A1,1,1,684,91.6310679612,0.253443526171,3,35,1624,2.37426900864,1,72,1619,2.366959095,0,2026_04_29_11_40_RISE_Sereno_Market.xlsx
2026-04-28,2026-04-01,SER,Lola,A3,1,1,688,1.25714285714,0.00378787878788,0,,,,1,314,1666,2.42151165009,-0.15991902834,2026_04_29_11_40_RISE_Sereno_Market.xlsx
2026-04-28,2026-04-01,SER,Avilla Cypress Creek,The Alcove,1,1,700,46.5405405405,0.279761904762,0,84,,,3,379,1873,2.67571425438,0,2026_04_29_11_40_RISE_Sereno_Market.xlsx
2026-04-28,2026-04-01,SER,Madison Palms,A1,1,1,719,95.4180602007,0.299684542587,0,266.5,,,11,31.5,1516,2.10848402977,0,2026_04_29_11_40_RISE_Sereno_Market.xlsx
2026-04-28,2026-04-01,SER,The Whitt,"
A2                                ",1,1,726,12.7327586207,0.0616113744076,0,,,,6,105,1794,2.47107434273,-0.0557413600892,2026_04_29_11_40_RISE_Sereno_Market.xlsx
2026-04-28,2026-04-01,SER,Tapestry East Bay Apartments,The Carson,1,1,728,4,0.0116618075802,0,159.5,,,2,65,1749.5,2.40315926075,0,2026_04_29_11_40_RISE_Sereno_Market.xlsx
2026-04-28,2026-04-01,SER,Tapestry Big Bend,The Carson,1,1,728,6.66019417476,0.0204081632653,0,168.5,,,2,7,1749.5,2.40315926075,0,2026_04_29_11_40_RISE_Sereno_Market.xlsx
2026-04-28,2026-04-01,SER,Tapestry East Bay Apartments,The Caswell,1,1,731,32,0.0932944606414,1,84,1794,2.45417237282,8,33,1779,2.43365263939,0,2026_04_29_11_40_RISE_Sereno_Market.xlsx
2026-04-28,2026-04-01,SER,Tapestry Big Bend,The Caswell,1,1,731,11.6553398058,0.0349854227405,0,,,,7,7,1779,2.43365263939,0.00565291124929,2026_04_29_11_40_RISE_Sereno_Market.xlsx
2026-04-28,2026-04-01,SER,Ridley at Waterset,The Painted Shell - 1 Bed - 1 Bath - 732 sq. ft.,1,1,732,22.3404255319,0.055,0,69,,,4,74.5,1909,2.60792350769,0.0142367519114,2026_04_29_11_40_RISE_Sereno_Market.xlsx
2026-04-28,2026-04-01,SER,Lola,1/1,1,1,734,41.4857142857,0.155303030303,0,53.5,,,5,6,1530.5,2.08514988422,-0.129408418658,2026_04_29_11_40_RISE_Sereno_Market.xlsx
2026-04-28,2026-04-01,SER,Tapestry East Bay Apartments,The Crescent,1,1,744,43,0.125364431487,1,235,1854,2.49193549156,6,33,1819,2.44489240646,0,2026_04_29_11_40_RISE_Sereno_Market.xlsx
2026-04-28,2026-04-01,SER,Tapestry Big Bend,The Crescent,1,1,744,46.6213592233,0.137026239067,1,35,1854,2.49193549156,6,7,1819,2.44489240646,0,2026_04_29_11_40_RISE_Sereno_Market.xlsx
2026-04-28,2026-04-01,SER,Wildgrass,A1,1,1,754,64,0.2,0,41,,,11,20,1565,2.07559680939,-0.0191082802548,2026_04_29_11_40_RISE_Sereno_Market.xlsx
2026-04-28,2026-04-01,SER,Wildgrass,A1-LL,1,1,754,59,0.184375,0,25,,,9,1,1570,2.08222818375,-0.0031746031746,2026_04_29_11_40_RISE_Sereno_Market.xlsx
2026-04-28,2026-04-01,SER,Madison Palms,A2,1,1,758,24.3846153846,0.0757097791798,0,399,,,9,503,1609,2.1226913929,-0.00155376009944,2026_04_29_11_40_RISE_Sereno_Market.xlsx
2026-04-28,2026-04-01,SER,Ridley at Waterset,The Terrapin - 1 Bed - 1 Bath - 772 sq. ft.,1,1,772,50,0.125,3,46,1869,2.42098450661,12,49.5,1871,2.42357516289,0.0281995661605,2026_04_29_11_40_RISE_Sereno_Market.xlsx
2026-04-28,2026-04-01,SER,RISE Sereno,The Hutchinson,1,1,777,75.7551020408,0.2375,4,24.5,1510.5,1.94401544333,4,35.5,1563,2.01158308983,0.0211313394018,2026_04_29_11_40_RISE_Sereno_Market.xlsx
2026-04-28,2026-04-01,SER,RISE Sereno,The Brice,1,1,781,32.6530612245,0.103125,1,75,1479,1.89372599125,0,,,,,2026_04_29_11_40_RISE_Sereno_Market.xlsx
2026-04-28,2026-04-01,SER,Tapestry East Bay Apartments,The Ellwood,1,1,788,3,0.00874635568513,0,60.5,,,1,237,2310,2.93147206306,0,2026_04_29_11_40_RISE_Sereno_Market.xlsx
2026-04-28,2026-04-01,SER,Tapestry Big Bend,The Ellwood,1,1,788,1.66504854369,0.00583090379009,0,,,,1,7,2310,2.93147206306,0,2026_04_29_11_40_RISE_Sereno_Market.xlsx
2026-04-28,2026-04-01,SER,Avilla Cypress Creek,Sycamore,1,1,798,2.27027027027,0.0119047619048,0,,,,2,2,2098,2.62907266617,0,2026_04_29_11_40_RISE_Sereno_Market.xlsx
2026-04-28,2026-04-01,SER,Shadetree,The Vireo,1,1,800,60.4897959184,0.230769230769,2,61,1603.5,2.00437498093,9,27,1727,2.15875005722,-0.0121598147076,2026_04_29_11_40_RISE_Sereno_Market.xlsx
2026-04-28,2026-04-01,SER,Shadetree,The Tern,1,1,800,10.612244898,0.0423076923077,1,30,1759,2.19875001907,1,11,1713,2.1412498951,0,2026_04_29_11_40_RISE_Sereno_Market.xlsx
2026-04-28,2026-04-01,SER,Ridley at Waterset,The Caspian - 1 Bed - 1 Bath - 801 sq. ft.,1,1,801,9.57446808511,0.025,0,100,,,2,52.5,1817.5,2.26903867722,0.0149667405765,2026_04_29_11_40_RISE_Sereno_Market.xlsx
2026-04-28,2026-04-01,SER,Citizen at Waterset,A1 1Bed/1Bath (Inline),1,1,810,7.02978723404,0.0296610169492,0,,,,7,21,1810,2.23456788063,0.0660046728972,2026_04_29_11_40_RISE_Sereno_Market.xlsx
2026-04-28,2026-04-01,SER,The Easton Riverview,A1,1,1,821,86.0465116279,0.286666666667,0,32.5,,,6,56,1629,2.00243616104,0.00925925925926,2026_04_29_11_40_RISE_Sereno_Market.xlsx
2026-04-28,2026-04-01,SER,Lola,A2,1,1,828,35.2,0.132575757576,0,55.5,,,3,11,1575.5,1.90277779102,-0.123748609566,2026_04_29_11_40_RISE_Sereno_Market.xlsx
2026-04-28,2026-04-01,SER,Lola,A2a,1,1,828,2.51428571429,0.0113636363636,0,,,,2,55,1774.5,2.14311599731,-0.10851544838,2026_04_29_11_40_RISE_Sereno_Market.xlsx
2026-04-28,2026-04-01,SER,Citizen at Waterset,A3 1Bed/1Bath (Below B1),1,1,835,1.00425531915,0.00423728813559,0,,,,1,272,1869,2.23832345009,0.108540925267,2026_04_29_11_40_RISE_Sereno_Market.xlsx
2026-04-28,2026-04-01,SER,Madison Palms,A3,1,1,842,37.1070234114,0.116719242902,1,438,1599,1.89904987812,12,55.5,1599,1.89904987812,-0.012353304509,2026_04_29_11_40_RISE_Sereno_Market.xlsx
2026-04-28,2026-04-01,SER,The Easton Riverview,A2,1,1,843,26.7441860465,0.09,0,45,,,4,41,1719,2.0391459465,-0.00437572928821,2026_04_29_11_40_RISE_Sereno_Market.xlsx
2026-04-28,2026-04-01,SER,The Parian,A5,1,1,846,16.4466019417,0.0440771349862,2,76,1926.5,2.27718675137,0,,,,,2026_04_29_11_40_RISE_Sereno_Market.xlsx
2026-04-28,2026-04-01,SER,Citizen at Waterset,A2 1Bed/1Bath (Inside corner),1,1,848,4.0170212766,0.0169491525424,0,,,,4,47.5,1849,2.18042445183,0.0411036036036,2026_04_29_11_40_RISE_Sereno_Market.xlsx
2026-04-28,2026-04-01,SER,Tapestry East Bay Apartments,The Caswell II,1,1,850,2,0.00583090379009,0,115,,,1,222,1850,2.17647051811,0,2026_04_29_11_40_RISE_Sereno_Market.xlsx
2026-04-28,2026-04-01,SER,Tapestry Big Bend,The Caswell II,1,1,850,3.33009708738,0.00874635568513,0,19,,,1,7,1850,2.17647051811,0,2026_04_29_11_40_RISE_Sereno_Market.xlsx
2026-04-28,2026-04-01,SER,The Whitt,"
A3                                ",1,1,860,10.9137931034,0.0521327014218,1,2,1945,2.26162791252,5,114,1945,2.26162791252,0,2026_04_29_11_40_RISE_Sereno_Market.xlsx
2026-04-28,2026-04-01,SER,The Whitt,"
A4                                ",1,1,861,9.09482758621,0.042654028436,0,,,,5,134,1850,2.14866423607,-0.0659898477157,2026_04_29_11_40_RISE_Sereno_Market.xlsx
2026-04-28,2026-04-01,SER,Ridley at Waterset,The Kemp - 1 Bed - 1 Bath - 893 sq. ft.,1,1,893,17.0212765957,0.0425,0,88,,,0,,,,,2026_04_29_11_40_RISE_Sereno_Market.xlsx
2026-04-28,2026-04-01,SER,Ridley at Waterset,The Olive - 1 Bed - 1 Bath - 905 sq. ft.,1,1,905,24.4680851064,0.06,0,33,,,2,22,1946,2.15027618408,0.0138888888889,2026_04_29_11_40_RISE_Sereno_Market.xlsx
2026-04-28,2026-04-01,SER,Shadetree,The Kinglet,1,1,973,10.612244898,0.0423076923077,0,66,,,3,41,1872,1.92394649982,-0.00106723585912,2026_04_29_11_40_RISE_Sereno_Market.xlsx
2026-04-28,2026-04-01,SER,The Parian,A2 + Den,1,1,1005,48.1650485437,0.132231404959,3,89,1826,1.81691539288,1,5,1791,1.78208959103,0,2026_04_29_11_40_RISE_Sereno_Market.xlsx
2026-04-28,2026-04-01,SER,Lola,2/1,2,1,1025,13.8285714286,0.0530303030303,0,52.5,,,2,4,1904.5,1.85804879665,-0.143343879289,2026_04_29_11_40_RISE_Sereno_Market.xlsx
2026-04-28,2026-04-01,SER,Wildgrass,B1,2,2,931,32,0.1,0,30,,,5,19,1770,1.90118157864,-0.00285714285714,2026_04_29_11_40_RISE_Sereno_Market.xlsx
2026-04-28,2026-04-01,SER,Wildgrass,B1-LL,2,2,931,68,0.2125,0,23,,,4,1,1730,1.85821700096,0.0202898550725,2026_04_29_11_40_RISE_Sereno_Market.xlsx
2026-04-28,2026-04-01,SER,Avilla Cypress Creek,Spruce,2,2,982,6.81081081081,0.0416666666667,0,,,,6,2,2139,2.17820775509,0,2026_04_29_11_40_RISE_Sereno_Market.xlsx
2026-04-28,2026-04-01,SER,Avilla Cypress Creek,The Retreat,2,2,1007,60.1621621622,0.357142857143,0,87,,,4,12.5,2175,2.15988087654,-0.0216154721274,2026_04_29_11_40_RISE_Sereno_Market.xlsx
2026-04-28,2026-04-01,SER,RISE Sereno,The Britto,2,2,1046,78.3673469388,0.24375,3,44.5,1799,1.71988523006,12,26.5,1839,1.75812613964,0.0219298245614,2026_04_29_11_40_RISE_Sereno_Market.xlsx
2026-04-28,2026-04-01,SER,Tapestry East Bay Apartments,The Henderson II,2,2,1054,29,0.0845481049563,0,108.5,,,3,48,1940,1.84060716629,0,2026_04_29_11_40_RISE_Sereno_Market.xlsx
2026-04-28,2026-04-01,SER,Tapestry Big Bend,The Henderson II,2,2,1054,18.3155339806,0.0524781341108,0,116,,,3,7,1940,1.84060716629,0,2026_04_29_11_40_RISE_Sereno_Market.xlsx
2026-04-28,2026-04-01,SER,Madison Palms,B1,2,2,1055,80.5752508361,0.255520504732,0,375.5,,,17,41,1706,1.61706161499,-0.00988947062245,2026_04_29_11_40_RISE_Sereno_Market.xlsx
2026-04-28,2026-04-01,SER,Tapestry East Bay Apartments,The Henderson,2,2,1061,21,0.0612244897959,1,54,1990,1.8755890131,4,20,1960,1.84731388092,0.00255102040816,2026_04_29_11_40_RISE_Sereno_Market.xlsx
2026-04-28,2026-04-01,SER,Tapestry Big Bend,The Henderson,2,2,1061,8.32524271845,0.0233236151603,0,,,,3,7,1960,1.84731388092,0,2026_04_29_11_40_RISE_Sereno_Market.xlsx
2026-04-28,2026-04-01,SER,RISE Sereno,The Woodward,2,2,1095,2.61224489796,0.009375,0,123,,,1,42,1845,1.68493151665,0.0205962059621,2026_04_29_11_40_RISE_Sereno_Market.xlsx
2026-04-28,2026-04-01,SER,Lola,2/2,2,2,1099,74.1714285714,0.280303030303,4,44.5,1797.5,1.63557779789,4,2,1795,1.63330304623,-0.115048543689,2026_04_29_11_40_RISE_Sereno_Market.xlsx
2026-04-28,2026-04-01,SER,Lola,B3,2,2,1102,26.4,0.0984848484848,3,48,1706,1.54809439182,5,112,1923,1.74500906467,-0.103078358209,2026_04_29_11_40_RISE_Sereno_Market.xlsx
2026-04-28,2026-04-01,SER,The Whitt,"
B1                                ",2,2,1109,12.7327586207,0.0616113744076,0,,,,7,84,2052,1.85031557083,0,2026_04_29_11_40_RISE_Sereno_Market.xlsx
2026-04-28,2026-04-01,SER,Citizen at Waterset,B1E 2Bed/2Bath (Inline),2,2,1111,1.00425531915,0.00423728813559,0,,,,1,52,2140,1.92619264126,0.0868461147791,2026_04_29_11_40_RISE_Sereno_Market.xlsx
2026-04-28,2026-04-01,SER,Madison Palms,B2,2,2,1118,38.1672240803,0.119873817035,0,253,,,7,483,1802,1.6118067503,0.00166759310728,2026_04_29_11_40_RISE_Sereno_Market.xlsx
2026-04-28,2026-04-01,SER,Shadetree,The Ibis,2,2,1136,50.9387755102,0.196153846154,4,53,1864.5,1.64128518105,12,56.5,1884,1.65845072269,-0.00635256749603,2026_04_29_11_40_RISE_Sereno_Market.xlsx
2026-04-28,2026-04-01,SER,Shadetree,The Starling,2,2,1136,6.36734693878,0.0230769230769,0,110,,,1,111,1937,1.70510566235,0,2026_04_29_11_40_RISE_Sereno_Market.xlsx
2026-04-28,2026-04-01,SER,Ridley at Waterset,The Hawksbill - 2 Bed - 2 Bath - 1140 sq. ft.,2,2,1140,77.6595744681,0.195,1,53,2186,1.91754388809,11,36,2043,1.79210531712,0.00245338567223,2026_04_29_11_40_RISE_Sereno_Market.xlsx
2026-04-28,2026-04-01,SER,Ridley at Waterset,The Flatback - 2 Bed - 2 Bath - 1140 sq. ft.,2,2,1140,18.085106383,0.045,0,58,,,4,33,1940.5,1.70219302177,0,2026_04_29_11_40_RISE_Sereno_Market.xlsx
2026-04-28,2026-04-01,SER,Tapestry East Bay Apartments,The Henderson III,2,2,1143,46,0.134110787172,1,87.5,1995,1.74540686607,4,69.5,2000,1.74978125095,-0.00373599003736,2026_04_29_11_40_RISE_Sereno_Market.xlsx
2026-04-28,2026-04-01,SER,Tapestry Big Bend,The Henderson III,2,2,1143,49.9514563107,0.145772594752,1,108,1995,1.74540686607,4,7,2007.5,1.75634294748,0,2026_04_29_11_40_RISE_Sereno_Market.xlsx
2026-04-28,2026-04-01,SER,Citizen at Waterset,B1 2Bed/2Bath (Inline),2,2,1144,9.03829787234,0.0381355932203,0,,,,8,30,2120,1.85314691067,0.0931069958848,2026_04_29_11_40_RISE_Sereno_Market.xlsx
2026-04-28,2026-04-01,SER,Tapestry East Bay Apartments,The Hammond,2,2,1164,44,0.128279883382,1,56,2059,1.76890039444,4,12.5,2054,1.7646048069,-0.01795117281,2026_04_29_11_40_RISE_Sereno_Market.xlsx
2026-04-28,2026-04-01,SER,Tapestry Big Bend,The Hammond,2,2,1164,46.6213592233,0.137026239067,1,49,2059,1.76890039444,3,4,2054,1.7646048069,-0.0132275132275,2026_04_29_11_40_RISE_Sereno_Market.xlsx
2026-04-28,2026-04-01,SER,Tapestry East Bay Apartments,The Harrison,2,2,1177,5,0.0145772594752,0,271.5,,,1,5,2100,1.78419709206,0,2026_04_29_11_40_RISE_Sereno_Market.xlsx
2026-04-28,2026-04-01,SER,Tapestry Big Bend,The Harrison,2,2,1177,3.33009708738,0.00874635568513,0,26,,,1,5,2100,1.78419709206,0,2026_04_29_11_40_RISE_Sereno_Market.xlsx
2026-04-28,2026-04-01,SER,RISE Sereno,The Garde,2,2,1181,5.22448979592,0.015625,0,79,,,1,37,1998,1.69178664684,0.02002002002,2026_04_29_11_40_RISE_Sereno_Market.xlsx
2026-04-28,2026-04-01,SER,RISE Sereno,The Perkins,2,2,1184,62.693877551,0.196875,4,41,1968,1.66216218472,10,15,1995,1.68496620655,0.0200501253133,2026_04_29_11_40_RISE_Sereno_Market.xlsx
2026-04-28,2026-04-01,SER,Wildgrass,B2,2,2,1191,47,0.146875,1,32,1810,1.51973128319,9,39,1760,1.47774982452,-0.0112994350282,2026_04_29_11_40_RISE_Sereno_Market.xlsx
2026-04-28,2026-04-01,SER,Wildgrass,B2-LL,2,2,1191,35,0.109375,0,23,,,9,1,1785,1.49874055386,0,2026_04_29_11_40_RISE_Sereno_Market.xlsx
2026-04-28,2026-04-01,SER,Citizen at Waterset,B2 2Bed/2Bath (Inside corner),2,2,1211,4.0170212766,0.0169491525424,0,,,,4,82.5,2179,1.79933941364,0.109470468432,2026_04_29_11_40_RISE_Sereno_Market.xlsx
2026-04-28,2026-04-01,SER,The Parian,B1,2,2,1214,117.475728155,0.322314049587,2,85,2101,1.82854658365,1,38,2379,1.9596375227,0,2026_04_29_11_40_RISE_Sereno_Market.xlsx
2026-04-28,2026-04-01,SER,The Whitt,"
B2                                ",2,2,1218,14.5517241379,0.0710900473934,0,52,,,7,14,2101,1.72495889664,0,2026_04_29_11_40_RISE_Sereno_Market.xlsx
2026-04-28,2026-04-01,SER,The Easton Riverview,B1,2,2,1219,65.1162790698,0.216666666667,0,20.5,,,4,19,1972,1.61771947145,-0.00303797468354,2026_04_29_11_40_RISE_Sereno_Market.xlsx
2026-04-28,2026-04-01,SER,The Easton Riverview,B2,2,2,1221,46.511627907,0.156666666667,0,45,,,1,80,1964,1.60851764679,0,2026_04_29_11_40_RISE_Sereno_Market.xlsx
2026-04-28,2026-04-01,SER,Ridley at Waterset,The Caretta - 2 Bed - 2 Bath - 1274 sq. ft.,2,2,1274,12.7659574468,0.0325,0,26,,,6,34,2166,1.70015692711,-0.00710520284208,2026_04_29_11_40_RISE_Sereno_Market.xlsx
2026-04-28,2026-04-01,SER,The Parian,B2,2,2,1294,44.640776699,0.123966942149,2,95.5,2264,1.74961358309,2,21,2669,2.06259655952,0,2026_04_29_11_40_RISE_Sereno_Market.xlsx
2026-04-28,2026-04-01,SER,Shadetree,The Osprey,2,2,1294,22.2857142857,0.0846153846154,2,29,1943,1.50154554844,4,22,1941.5,1.50038635731,0,2026_04_29_11_40_RISE_Sereno_Market.xlsx
2026-04-28,2026-04-01,SER,The Easton Riverview,B3,2,2,1297,52.3255813953,0.173333333333,0,45,,,1,43,2016,1.55435621738,,2026_04_29_11_40_RISE_Sereno_Market.xlsx
2026-04-28,2026-04-01,SER,Shadetree,The Blackbird,2,2,1301,15.9183673469,0.0615384615385,2,39,2040.5,1.56840890646,1,9,2234,1.71714067459,0,2026_04_29_11_40_RISE_Sereno_Market.xlsx
2026-04-28,2026-04-01,SER,Shadetree,The Nighthawk,2,2,1320,1.0612244898,0.00384615384615,0,,,,1,308,1879,1.42348486185,0.0479564032698,2026_04_29_11_40_RISE_Sereno_Market.xlsx
2026-04-28,2026-04-01,SER,Shadetree,The Kestrel,2,2,1356,21.2244897959,0.0807692307692,2,122,2107,1.55383479595,1,9,2119,1.56268441677,0,2026_04_29_11_40_RISE_Sereno_Market.xlsx
2026-04-28,2026-04-01,SER,Citizen at Waterset,B3 2Bed/2Bath (Outside corner),2,2,1358,2.0085106383,0.00847457627119,0,,,,2,43,2256,1.66126656532,0.0609643022717,2026_04_29_11_40_RISE_Sereno_Market.xlsx
2026-04-28,2026-04-01,SER,Skymor Southshore Bay,Biscayne,2,2.5,1372,43.5555555556,0.224489795918,0,14,,,32,53,2200,1.60349857807,0,2026_04_29_11_40_RISE_Sereno_Market.xlsx
2026-04-28,2026-04-01,SER,RISE Sereno,The Butler,2,2.5,1508,11.7551020408,0.0375,0,159,,,3,36,2204,1.46153843403,0.0176950998185,2026_04_29_11_40_RISE_Sereno_Market.xlsx
2026-04-28,2026-04-01,SER,Avilla Cypress Creek,The Haven,3,2,1280,47.6756756757,0.285714285714,0,114.5,,,2,379,2481,1.93828129768,0,2026_04_29_11_40_RISE_Sereno_Market.xlsx
2026-04-28,2026-04-01,SER,Wildgrass,C1,3,2,1287,3,0.009375,0,27,,,1,38,1945,1.51126646996,-0.00514138817481,2026_04_29_11_40_RISE_Sereno_Market.xlsx
2026-04-28,2026-04-01,SER,Wildgrass,C1-LL,3,2,1287,7,0.021875,0,53,,,1,,2015,1.56565654278,0.0200501253133,2026_04_29_11_40_RISE_Sereno_Market.xlsx
2026-04-28,2026-04-01,SER,The Whitt,"
C1                                ",3,2,1342,9.09482758621,0.042654028436,0,,,,5,93,2528,1.88375556469,0,2026_04_29_11_40_RISE_Sereno_Market.xlsx
2026-04-28,2026-04-01,SER,The Whitt,"
C2                                ",3,2,1349,9.09482758621,0.042654028436,0,111,,,4,133,2773,2.05559682846,0,2026_04_29_11_40_RISE_Sereno_Market.xlsx
2026-04-28,2026-04-01,SER,The Whitt,C2,3,2,1349,9.09482758621,0.042654028436,0,70,,,0,,,,,2026_04_29_11_40_RISE_Sereno_Market.xlsx
2026-04-28,2026-04-01,SER,Lola,3/2,3,2,1377,13.8285714286,0.0530303030303,0,22,,,2,16.5,2311,1.6782861352,-0.0614035087719,2026_04_29_11_40_RISE_Sereno_Market.xlsx
2026-04-28,2026-04-01,SER,Madison Palms,C1,3,2,1403,36.0468227425,0.11356466877,0,355.5,,,6,288.5,2208,1.57377052307,0,2026_04_29_11_40_RISE_Sereno_Market.xlsx
2026-04-28,2026-04-01,SER,Tapestry East Bay Apartments,The Bowman,3,2,1412,21,0.0612244897959,1,106,2465,1.74575066566,4,50,2542,1.80028325319,0,2026_04_29_11_40_RISE_Sereno_Market.xlsx
2026-04-28,2026-04-01,SER,Tapestry Big Bend,The Bowman,3,2,1412,8.32524271845,0.0233236151603,0,,,,4,7,2542,1.80028325319,0,2026_04_29_11_40_RISE_Sereno_Market.xlsx
2026-04-28,2026-04-01,SER,RISE Sereno,The Coolidge,3,2,1445,20.8979591837,0.065625,0,84,,,1,23,2478,1.71487891674,0,2026_04_29_11_40_RISE_Sereno_Market.xlsx
2026-04-28,2026-04-01,SER,The Easton Riverview,C1,3,2,1478,23.2558139535,0.0766666666667,1,35,2274,1.53856563568,5,47,2259,1.52841675282,0,2026_04_29_11_40_RISE_Sereno_Market.xlsx
2026-04-28,2026-04-01,SER,Ridley at Waterset,The Leatherback - 3 Bed - 2 Bath - 1479 sq. ft.,3,2,1479,56.3829787234,0.14,1,39,2429,1.64232587814,6,30,2553,1.72616630793,0,2026_04_29_11_40_RISE_Sereno_Market.xlsx
2026-04-28,2026-04-01,SER,Ridley at Waterset,The Loggerhead - 3 Bed - 2 Bath - 1500 sq. ft.,3,2,1500,9.57446808511,0.025,0,183,,,1,60,2558,1.70533335209,0,2026_04_29_11_40_RISE_Sereno_Market.xlsx
2026-04-28,2026-04-01,SER,Shadetree,The Heron,3,2,1527,22.2857142857,0.0846153846154,3,135,1940,1.27046501637,6,30,2308,1.51146042347,-0.0130425486423,2026_04_29_11_40_RISE_Sereno_Market.xlsx
2026-04-28,2026-04-01,SER,The Parian,C1,3,2,1548,31.7184466019,0.0881542699725,1,72,3098,2.00129199028,0,,,,,2026_04_29_11_40_RISE_Sereno_Market.xlsx
2026-04-28,2026-04-01,SER,Beacon at Arbours,Palm,3,2.5,1421,132,1,0,50,,,6,21,1991,1.40112602711,0,2026_04_29_11_40_RISE_Sereno_Market.xlsx
2026-04-28,2026-04-01,SER,Skymor Southshore Bay,Palm,3,2.5,1534,79.8518518519,0.408163265306,0,33,,,65,53,2375,1.54823994637,0,2026_04_29_11_40_RISE_Sereno_Market.xlsx
2026-04-28,2026-04-01,SER,Skymor Southshore Bay,Estero,3,2.5,1654,31.4567901235,0.158163265306,1,39,2645,1.59915351868,24,53,2645,1.59915351868,0,2026_04_29_11_40_RISE_Sereno_Market.xlsx
2026-04-28,2026-04-01,SER,Citizen at Waterset,C1 3Bed/3Bath (Outside corner),3,3,1440,1.00425531915,0.00423728813559,0,,,,0,,,,,2026_04_29_11_40_RISE_Sereno_Market.xlsx
2026-04-28,2026-04-01,SER,RISE Sereno,The Paulson,3,3.5,1854,3.91836734694,0.0125,0,125.5,,,1,42,3034,1.63646173477,0,2026_04_29_11_40_RISE_Sereno_Market.xlsx
2026-04-29,2026-04-01,GKP,RiverVue Avondale,E1,0,1,630,13.0909090909,0.0570175438596,0,24.5,,,2,65,1738.5,2.75952386856,0,2026_04_29_21_07_RISE_at_Glen_Kernan_Park_Market.xlsx
2026-04-29,2026-04-01,GKP,RiverVue Avondale,A2,1,1,616,65.4545454545,0.285087719298,0,36,,,8,40.5,1528,2.48051953316,-0.00425392670157,2026_04_29_21_07_RISE_at_Glen_Kernan_Park_Market.xlsx
2026-04-29,2026-04-01,GKP,Olea at Beach Haven,A1,1,1,626,39.7727272727,0.228571428571,0,58.5,,,5,14,1885,2.99686026573,-0.00974196945761,2026_04_29_21_07_RISE_at_Glen_Kernan_Park_Market.xlsx
2026-04-29,2026-04-01,GKP,Olea eTown,A1,1,1,627,18.6181818182,0.0989583333333,0,246,,,1,71,1545,2.4641149044,0.0306871247498,2026_04_29_21_07_RISE_at_Glen_Kernan_Park_Market.xlsx
2026-04-29,2026-04-01,GKP,Woodside at Seven Pines,Studio,1,1,638,11.3402061856,0.0366666666667,0,24,,,2,3,1599,2.50626969337,0,2026_04_29_21_07_RISE_at_Glen_Kernan_Park_Market.xlsx
2026-04-29,2026-04-01,GKP,RISE at Glen Kernan Park,The Putter,1,1,677,30,0.0974025974026,1,350,1860,2.74741506577,25,353,1860,2.74741506577,0,2026_04_29_21_07_RISE_at_Glen_Kernan_Park_Market.xlsx
2026-04-29,2026-04-01,GKP,RISE at Nocatee,The Sawgrass,1,1,683,10.4705882353,0.0561797752809,0,233,,,2,359.5,1734,2.53879952431,0,2026_04_29_21_07_RISE_at_Glen_Kernan_Park_Market.xlsx
2026-04-29,2026-04-01,GKP,Olea eTown,A1 Alt 2,1,1,698,4.65454545455,0.0260416666667,0,220,,,1,6,1634,2.3409743309,0,2026_04_29_21_07_RISE_at_Glen_Kernan_Park_Market.xlsx
2026-04-29,2026-04-01,GKP,Woodside at Seven Pines,A1,1,1,728,47.4226804124,0.156666666667,2,66.5,1641.5,2.25480771065,2,3.5,1640,2.25274729729,0,2026_04_29_21_07_RISE_at_Glen_Kernan_Park_Market.xlsx
2026-04-29,2026-04-01,GKP,Olea eTown,A6,1,1,731,9.30909090909,0.046875,0,40,,,7,94,1536,2.10123109818,0.0329489291598,2026_04_29_21_07_RISE_at_Glen_Kernan_Park_Market.xlsx
2026-04-29,2026-04-01,GKP,RiverVue Avondale,A6,1,1,745,8.72727272727,0.0394736842105,0,45,,,1,50,1554,2.08590602875,0.00772200772201,2026_04_29_21_07_RISE_at_Glen_Kernan_Park_Market.xlsx
2026-04-29,2026-04-01,GKP,RISE at Glen Kernan Park,The Birdie,1,1,750,38,0.123376623377,1,321,1975,2.6333334446,30,353,1975,2.6333334446,0,2026_04_29_21_07_RISE_at_Glen_Kernan_Park_Market.xlsx
2026-04-29,2026-04-01,GKP,RiverVue Avondale,A4,1,1,750,38.1818181818,0.166666666667,1,33,1574,2.09866666794,2,38.5,1589,2.11866664886,-0.0196910027264,2026_04_29_21_07_RISE_at_Glen_Kernan_Park_Market.xlsx
2026-04-29,2026-04-01,GKP,RISE at Nocatee,The Streamsong,1,1,752,44.2091503268,0.247191011236,1,119,1829,2.4321808815,7,197,1819,2.41888308525,0,2026_04_29_21_07_RISE_at_Glen_Kernan_Park_Market.xlsx
2026-04-29,2026-04-01,GKP,RISE at Glen Kernan Park,The Green,1,1,759,20,0.0649350649351,0,,,,20,369,2195,2.89196300507,0,2026_04_29_21_07_RISE_at_Glen_Kernan_Park_Market.xlsx
2026-04-29,2026-04-01,GKP,Olea at Beach Haven,A2 ALT 1,1,1,770,19.3181818182,0.108571428571,0,89,,,2,127,1919,2.49220776558,-0.0123520329388,2026_04_29_21_07_RISE_at_Glen_Kernan_Park_Market.xlsx
2026-04-29,2026-04-01,GKP,Olea eTown,A2 HC,1,1,785,2.32727272727,0.0104166666667,0,431,,,1,520,1600,2.03821659088,0,2026_04_29_21_07_RISE_at_Glen_Kernan_Park_Market.xlsx
2026-04-29,2026-04-01,GKP,RISE at Glen Kernan Park,The Caddie,1,1,789,3,0.00974025974026,0,,,,3,353,2300,2.91508245468,0,2026_04_29_21_07_RISE_at_Glen_Kernan_Park_Market.xlsx
2026-04-29,2026-04-01,GKP,Olea eTown,A2 ALT 1,1,1,804,4.65454545455,0.0260416666667,0,268,,,3,520,1635,2.03358197212,0,2026_04_29_21_07_RISE_at_Glen_Kernan_Park_Market.xlsx
2026-04-29,2026-04-01,GKP,Olea at Beach Haven,A3,1,1,809,6.81818181818,0.04,0,48.5,,,2,62.5,2070.5,2.55933260918,-0.011585807386,2026_04_29_21_07_RISE_at_Glen_Kernan_Park_Market.xlsx
2026-04-29,2026-04-01,GKP,RISE at Glen Kernan Park,The Mulligan,1,1,813,10,0.0324675324675,1,365,2395,2.94587945938,7,353,2395,2.94587945938,0,2026_04_29_21_07_RISE_at_Glen_Kernan_Park_Market.xlsx
2026-04-29,2026-04-01,GKP,Woodside at Seven Pines,A2,1,1,815,63.9175257732,0.213333333333,2,45.5,1651.5,2.02638041973,4,49.5,1725,2.11656451225,0,2026_04_29_21_07_RISE_at_Glen_Kernan_Park_Market.xlsx
2026-04-29,2026-04-01,GKP,Olea eTown,A5,1,1,818,3.49090909091,0.015625,0,257,,,1,4,1474,1.80195593834,0,2026_04_29_21_07_RISE_at_Glen_Kernan_Park_Market.xlsx
2026-04-29,2026-04-01,GKP,RISE at Nocatee,The Seminole,1,1,821,32.5751633987,0.185393258427,0,117,,,9,435,2025,2.4665043354,0,2026_04_29_21_07_RISE_at_Glen_Kernan_Park_Market.xlsx
2026-04-29,2026-04-01,GKP,Olea eTown,A7,1,1,880,4.65454545455,0.0260416666667,1,61.5,1639,1.86249995232,2,38,1739,1.97613632679,0,2026_04_29_21_07_RISE_at_Glen_Kernan_Park_Market.xlsx
2026-04-29,2026-04-01,GKP,Olea at Beach Haven,A4,1,1,882,9.09090909091,0.0514285714286,0,80,,,1,139.5,2176,2.46712017059,-0.0109090909091,2026_04_29_21_07_RISE_at_Glen_Kernan_Park_Market.xlsx
2026-04-29,2026-04-01,GKP,Olea eTown,A4 w/ Den,1,1,882,11.6363636364,0.0625,0,243,,,5,176,1775,2.01247167587,0,2026_04_29_21_07_RISE_at_Glen_Kernan_Park_Market.xlsx
2026-04-29,2026-04-01,GKP,RISE at Glen Kernan Park,The Chip,1,1,892,8,0.025974025974,0,255.5,,,4,385,2500,2.80269050598,0,2026_04_29_21_07_RISE_at_Glen_Kernan_Park_Market.xlsx
2026-04-29,2026-04-01,GKP,RISE at Nocatee,The Palm,1,1,903,9.30718954248,0.0505617977528,0,189,,,2,585.5,2182.5,2.4169434309,0,2026_04_29_21_07_RISE_at_Glen_Kernan_Park_Market.xlsx
2026-04-29,2026-04-01,GKP,RiverVue Avondale,B1,2,1,1028,31.6363636364,0.140350877193,1,51,2031,1.9756809473,7,65,2040,1.98443579674,0.00196463654224,2026_04_29_21_07_RISE_at_Glen_Kernan_Park_Market.xlsx
2026-04-29,2026-04-01,GKP,Olea at Beach Haven,B5,2,2,1034,12.5,0.0742857142857,0,57,,,2,15.5,2452,2.37137341499,0.00655200655201,2026_04_29_21_07_RISE_at_Glen_Kernan_Park_Market.xlsx
2026-04-29,2026-04-01,GKP,Olea eTown,B7,2,2,1040,4.65454545455,0.0260416666667,0,25,,,1,14,2006,1.92884612083,0,2026_04_29_21_07_RISE_at_Glen_Kernan_Park_Market.xlsx
2026-04-29,2026-04-01,GKP,RISE at Glen Kernan Park,The Approach,2,2,1048,61,0.198051948052,1,371,2445,2.33301520348,60,353,2445,2.33301520348,0,2026_04_29_21_07_RISE_at_Glen_Kernan_Park_Market.xlsx
2026-04-29,2026-04-01,GKP,Woodside at Seven Pines,B2,2,2,1067,32.9896907216,0.11,1,40,2169,2.03280234337,3,18,2205,2.06654167175,0.0296521130049,2026_04_29_21_07_RISE_at_Glen_Kernan_Park_Market.xlsx
2026-04-29,2026-04-01,GKP,RISE at Glen Kernan Park,The Eagle,2,2,1095,10,0.0324675324675,0,,,,10,353,3150,2.87671232224,0,2026_04_29_21_07_RISE_at_Glen_Kernan_Park_Market.xlsx
2026-04-29,2026-04-01,GKP,Olea at Beach Haven,B1,2,2,1113,19.3181818182,0.108571428571,2,65,2752,2.47480916977,2,108.5,2521,2.26504945755,0.00238000793336,2026_04_29_21_07_RISE_at_Glen_Kernan_Park_Market.xlsx
2026-04-29,2026-04-01,GKP,Olea eTown,B1,2,2,1114,19.7818181818,0.104166666667,1,181.5,2249,2.01885104179,3,76,2224,1.99640929699,0,2026_04_29_21_07_RISE_at_Glen_Kernan_Park_Market.xlsx
2026-04-29,2026-04-01,GKP,RISE at Nocatee,The Cypress,2,2,1140,30.2483660131,0.168539325843,0,133.5,,,10,677,2349,2.060526371,0,2026_04_29_21_07_RISE_at_Glen_Kernan_Park_Market.xlsx
2026-04-29,2026-04-01,GKP,RiverVue Avondale,B3,2,2,1166,4.36363636364,0.0175438596491,0,39.5,,,2,65,2214.5,1.89922809601,0,2026_04_29_21_07_RISE_at_Glen_Kernan_Park_Market.xlsx
2026-04-29,2026-04-01,GKP,RiverVue Avondale,B3A,2,2,1184,7.63636363636,0.0350877192982,0,42,,,2,65,2451.5,2.07052361965,-0.006484295846,2026_04_29_21_07_RISE_at_Glen_Kernan_Park_Market.xlsx
2026-04-29,2026-04-01,GKP,Woodside at Seven Pines,B5 (Den),2,2,1186,12.3711340206,0.04,1,72.5,2383,2.00927495956,6,21.5,2514,2.11973023415,0.0145278450363,2026_04_29_21_07_RISE_at_Glen_Kernan_Park_Market.xlsx
2026-04-29,2026-04-01,GKP,Woodside at Seven Pines,B3,2,2,1196,18.5567010309,0.0633333333333,0,45,,,1,19.5,2255,1.88545155525,0.0116644235083,2026_04_29_21_07_RISE_at_Glen_Kernan_Park_Market.xlsx
2026-04-29,2026-04-01,GKP,Olea eTown,B8,2,2,1235,9.30909090909,0.046875,0,158,,,1,29,2230,1.80566799641,0,2026_04_29_21_07_RISE_at_Glen_Kernan_Park_Market.xlsx
2026-04-29,2026-04-01,GKP,RISE at Glen Kernan Park,The Front,2,2,1237,56,0.181818181818,1,314.5,3150,2.54648351669,48,385,3150,2.54648351669,0,2026_04_29_21_07_RISE_at_Glen_Kernan_Park_Market.xlsx
2026-04-29,2026-04-01,GKP,RISE at Nocatee,The Pelican,2,2,1245,19.7777777778,0.112359550562,0,71,,,8,469,2599,2.08755016327,0,2026_04_29_21_07_RISE_at_Glen_Kernan_Park_Market.xlsx
2026-04-29,2026-04-01,GKP,RISE at Nocatee,The Mayfair,2,2,1268,10.4705882353,0.0561797752809,0,199,,,6,533,2709,2.13643527031,0,2026_04_29_21_07_RISE_at_Glen_Kernan_Park_Market.xlsx
2026-04-29,2026-04-01,GKP,RISE at Nocatee,The Osprey,2,2,1274,11.6339869281,0.0674157303371,1,337.5,2814,2.20879125595,3,435,2794,2.19309258461,0,2026_04_29_21_07_RISE_at_Glen_Kernan_Park_Market.xlsx
2026-04-29,2026-04-01,GKP,Olea at Beach Haven,B2,2,2,1302,15.9090909091,0.0914285714286,0,90,,,1,35,2785,2.13901686668,0.00215439856373,2026_04_29_21_07_RISE_at_Glen_Kernan_Park_Market.xlsx
2026-04-29,2026-04-01,GKP,RISE at Nocatee,The Calusa,2,2,1336,4.65359477124,0.0280898876404,0,419,,,1,218,2995,2.24176645279,0,2026_04_29_21_07_RISE_at_Glen_Kernan_Park_Market.xlsx
2026-04-29,2026-04-01,GKP,RiverVue Avondale,B4,2,2,1403,27.2727272727,0.118421052632,1,27,2565,1.82822525501,1,3,2600,1.85317182541,0,2026_04_29_21_07_RISE_at_Glen_Kernan_Park_Market.xlsx
2026-04-29,2026-04-01,GKP,Olea eTown,B2,2,2.5,1338,4.65454545455,0.0260416666667,0,305.5,,,2,52.5,2651,1.98131537437,0,2026_04_29_21_07_RISE_at_Glen_Kernan_Park_Market.xlsx
2026-04-29,2026-04-01,GKP,RISE at Glen Kernan Park,The Fairway,2,2.5,1474,52,0.168831168831,0,228.5,,,44,385,3990,2.70691990852,0,2026_04_29_21_07_RISE_at_Glen_Kernan_Park_Market.xlsx
2026-04-29,2026-04-01,GKP,RISE at Glen Kernan Park,The Links,2,2.5,1694,20,0.0649350649351,0,101,,,7,375,4190,2.47343564034,0,2026_04_29_21_07_RISE_at_Glen_Kernan_Park_Market.xlsx
2026-04-29,2026-04-01,GKP,Olea eTown,C1,3,2,1422,8.14545454545,0.0416666666667,1,271,2875,2.02180027962,1,23,2875,2.02180027962,0,2026_04_29_21_07_RISE_at_Glen_Kernan_Park_Market.xlsx
2026-04-29,2026-04-01,GKP,Olea eTown,C1 HC,3,2,1422,1.16363636364,0.00520833333333,0,,,,1,520,2350,1.65260195732,0,2026_04_29_21_07_RISE_at_Glen_Kernan_Park_Market.xlsx
2026-04-29,2026-04-01,GKP,Olea eTown,C2,3,2,1469,6.98181818182,0.0364583333333,0,160,,,3,211,2575,1.75289309025,0,2026_04_29_21_07_RISE_at_Glen_Kernan_Park_Market.xlsx
2026-04-29,2026-04-01,GKP,Olea at Beach Haven,C1,3,2,1470,7.95454545455,0.0457142857143,0,43,,,2,33.5,2890,1.96598637104,0.00242802636143,2026_04_29_21_07_RISE_at_Glen_Kernan_Park_Market.xlsx
2026-04-29,2026-04-01,GKP,Woodside at Seven Pines,C1,3,2,1530,12.3711340206,0.04,0,36.5,,,4,9.5,2827,1.84771239758,0,2026_04_29_21_07_RISE_at_Glen_Kernan_Park_Market.xlsx
2026-04-30,2026-04-01,BAY,Elevate Baymeadows,S Signature - Studio - 1 Bath - 380 sq. ft.,0,1,380,82.2857142857,0.427083333333,0,,,,3,592,1025,2.69736838341,0,2026_04_30_15_23_RISE_Baymeadows_Market.xlsx
2026-04-30,2026-04-01,BAY,AVIA Lofts on Liberty Ridge,Studio,0,1,500,59.5315315315,0.535714285714,0,127,,,10,58.5,1004,2.007999897,0,2026_04_30_15_23_RISE_Baymeadows_Market.xlsx
2026-04-30,2026-04-01,BAY,JTB Apartments,A,0,1,543,1,0.00285714285714,0,,,,1,3,1812,3.33701658249,0,2026_04_30_15_23_RISE_Baymeadows_Market.xlsx
2026-04-30,2026-04-01,BAY,Haven 8181,Tide,0,1,551,8.76923076923,0.0263157894737,0,45.5,,,4,20,1449,2.62976408005,0.0175561797753,2026_04_30_15_23_RISE_Baymeadows_Market.xlsx
2026-04-30,2026-04-01,BAY,JTB Apartments,0 (Studio),0,1,640,35,0.1,0,54,,,4,36.5,1315,2.0546875,-0.00874524714829,2026_04_30_15_23_RISE_Baymeadows_Market.xlsx
2026-04-30,2026-04-01,BAY,Olympus Preserve at Town Center,E1A,0,1,671,47,0.127027027027,0,63,,,6,8.5,1475,2.19821166992,-0.0359322033898,2026_04_30_15_23_RISE_Baymeadows_Market.xlsx
2026-04-30,2026-04-01,BAY,Haven 8181,Drift,0,1,672,14.25,0.0409356725146,0,22,,,4,15.5,1399,2.08184528351,0.0178699070765,2026_04_30_15_23_RISE_Baymeadows_Market.xlsx
2026-04-30,2026-04-01,BAY,AVIA Lofts on Liberty Ridge,One Bedroom,1,1,500,24.2162162162,0.214285714286,0,274.5,,,6,60.5,1074,2.14800000191,0,2026_04_30_15_23_RISE_Baymeadows_Market.xlsx
2026-04-30,2026-04-01,BAY,WaterWalk Jacksonville - All bills paid - ...,1bed 1bath,1,1,525,7.14285714286,0.14,0,,,,2,5.5,1450,2.76190471649,0,2026_04_30_15_23_RISE_Baymeadows_Market.xlsx
2026-04-30,2026-04-01,BAY,WaterWalk Jacksonville - All bills paid - ...,1bed 1 bath HA,1,1,525,3.57142857143,0.08,0,,,,1,2,1450,2.76190471649,0,2026_04_30_15_23_RISE_Baymeadows_Market.xlsx
2026-04-30,2026-04-01,BAY,JTB Apartments,B,1,1,557,1,0.00285714285714,0,,,,1,3,2136,3.83482933044,0,2026_04_30_15_23_RISE_Baymeadows_Market.xlsx
2026-04-30,2026-04-01,BAY,Fusion,Oxygen (Studio) - some INCLUDE a covered same level parking space,1,1,585,66.2068965517,0.171875,3,36,1349,2.30598282814,1,14,1279,2.18632483482,0,2026_04_30_15_23_RISE_Baymeadows_Market.xlsx
2026-04-30,2026-04-01,BAY,Woodside at Seven Pines,Studio,1,1,638,11.3402061856,0.0366666666667,0,24,,,2,3.5,1599,2.50626969337,0,2026_04_30_15_23_RISE_Baymeadows_Market.xlsx
2026-04-30,2026-04-01,BAY,Artea,A1,1,1,662,46.7092651757,0.138235294118,0,163,,,12,294,1550,2.34138965607,0.00486223662885,2026_04_30_15_23_RISE_Baymeadows_Market.xlsx
2026-04-30,2026-04-01,BAY,Artea,A1 Expandable,1,1,662,10.8626198083,0.0323529411765,0,178,,,7,294,1765,2.6661632061,0,2026_04_30_15_23_RISE_Baymeadows_Market.xlsx
2026-04-30,2026-04-01,BAY,Artea,A1LL,1,1,662,2.17252396166,0.00588235294118,0,101,,,1,14,1545,2.3338367939,0,2026_04_30_15_23_RISE_Baymeadows_Market.xlsx
2026-04-30,2026-04-01,BAY,Artea,A3,1,1,688,96.6773162939,0.285294117647,1,144.5,1780,2.5872092247,47,294,1735,2.52180242538,0,2026_04_30_15_23_RISE_Baymeadows_Market.xlsx
2026-04-30,2026-04-01,BAY,Artea,A3LL,1,1,688,3.25878594249,0.00882352941176,0,5,,,2,12.5,1717.5,2.49636626244,0,2026_04_30_15_23_RISE_Baymeadows_Market.xlsx
2026-04-30,2026-04-01,BAY,Pinnacle,Apex,1,1,697,53.7142857143,0.143617021277,1,52,1449,2.07890963554,1,125,1486.5,2.13271164894,-0.0492125984252,2026_04_30_15_23_RISE_Baymeadows_Market.xlsx
2026-04-30,2026-04-01,BAY,Olympus Preserve at Town Center,A1A,1,1,707,137,0.37027027027,2,58,1532,2.1669024229,6,1.5,1558,2.20367741585,-0.00479080166081,2026_04_30_15_23_RISE_Baymeadows_Market.xlsx
2026-04-30,2026-04-01,BAY,Haven 8181,Dune,1,1,710,33.9807692308,0.0994152046784,0,12,,,10,19.5,1549,2.18169021606,0,2026_04_30_15_23_RISE_Baymeadows_Market.xlsx
2026-04-30,2026-04-01,BAY,JTB Apartments,1,1,1,710,74,0.211428571429,1,57,1395,1.96478867531,10,27,1395,1.96478867531,-0.0245614035088,2026_04_30_15_23_RISE_Baymeadows_Market.xlsx
2026-04-30,2026-04-01,BAY,Avere Southside Quarter,A1 -1x1,1,1,711,1.06622516556,0.00310559006211,0,,,,1,2,1717,2.41490864754,0,2026_04_30_15_23_RISE_Baymeadows_Market.xlsx
2026-04-30,2026-04-01,BAY,Haven 8181,Reef,1,1,716,1.09615384615,0.00292397660819,0,,,,1,18,1849,2.58240222931,0,2026_04_30_15_23_RISE_Baymeadows_Market.xlsx
2026-04-30,2026-04-01,BAY,Woodside at Seven Pines,A1,1,1,728,47.4226804124,0.156666666667,2,66.5,1641.5,2.25480771065,2,4,1640,2.25274729729,0,2026_04_30_15_23_RISE_Baymeadows_Market.xlsx
2026-04-30,2026-04-01,BAY,Artea,A2,1,1,730,93.4185303514,0.273529411765,2,146.5,1547,2.11917805672,44,294,1620,2.21917819977,0,2026_04_30_15_23_RISE_Baymeadows_Market.xlsx
2026-04-30,2026-04-01,BAY,Artea,A2LL,1,1,730,1.08626198083,0.00294117647059,0,,,,1,9,1690,2.31506848335,0,2026_04_30_15_23_RISE_Baymeadows_Market.xlsx
2026-04-30,2026-04-01,BAY,JTB Apartments,D,1,1,737,6,0.0171428571429,0,,,,6,3,2233.5,3.03052914143,0,2026_04_30_15_23_RISE_Baymeadows_Market.xlsx
2026-04-30,2026-04-01,BAY,Avere Southside Quarter,A2 - 1x1,1,1,745,5.33112582781,0.0155279503106,0,,,,5,2,1717,2.30469799042,0,2026_04_30_15_23_RISE_Baymeadows_Market.xlsx
2026-04-30,2026-04-01,BAY,Avere Southside Quarter,A2,1,1,745,89.5629139073,0.27950310559,0,41,,,1,35,1707,2.29127526283,0,2026_04_30_15_23_RISE_Baymeadows_Market.xlsx
2026-04-30,2026-04-01,BAY,JTB Apartments,E,1,1,754,2,0.00571428571429,0,,,,2,3,2104.5,2.79111397266,0,2026_04_30_15_23_RISE_Baymeadows_Market.xlsx
2026-04-30,2026-04-01,BAY,The Maggie Flats,A1,1,1,756,92.6315789474,0.332142857143,1,124,1399,1.85052907467,1,12,1399,1.85052907467,0,2026_04_30_15_23_RISE_Baymeadows_Market.xlsx
2026-04-30,2026-04-01,BAY,RISE Baymeadows,The Harbor,1,1,760,23.6428571429,0.0725075528701,0,109,,,11,297,1456,1.91578948498,0.0048309178744,2026_04_30_15_23_RISE_Baymeadows_Market.xlsx
2026-04-30,2026-04-01,BAY,Olympus Preserve at Town Center,A1B,1,1,765,21,0.0567567567568,0,57,,,2,1,1557,2.03529417515,0,2026_04_30_15_23_RISE_Baymeadows_Market.xlsx
2026-04-30,2026-04-01,BAY,Elevate Baymeadows,A1 - 1 Bed - 1 Bath - 765 sq. ft.,1,1,765,82.2857142857,0.427083333333,0,,,,3,592,1200,1.56862747669,0,2026_04_30_15_23_RISE_Baymeadows_Market.xlsx
2026-04-30,2026-04-01,BAY,JTB Apartments,F,1,1,766,2,0.00571428571429,0,,,,2,3,2331,3.04308104515,0,2026_04_30_15_23_RISE_Baymeadows_Market.xlsx
2026-04-30,2026-04-01,BAY,JTB Apartments,G,1,1,770,6,0.0171428571429,0,,,,6,3,2379,3.15517234802,0,2026_04_30_15_23_RISE_Baymeadows_Market.xlsx
2026-04-30,2026-04-01,BAY,JTB Apartments,1A,1,1,772,8,0.0228571428571,0,61,,,4,50,1520,1.96891188622,-0.0427184466019,2026_04_30_15_23_RISE_Baymeadows_Market.xlsx
2026-04-30,2026-04-01,BAY,RISE Baymeadows,The Haven,1,1,776,24.9563492063,0.0755287009063,0,54,,,8,269.5,1557,2.0064432621,0,2026_04_30_15_23_RISE_Baymeadows_Market.xlsx
2026-04-30,2026-04-01,BAY,RISE Baymeadows,The Bayview,1,1,777,82.75,0.250755287009,1,22,1456,1.87387382984,13,42,1465,1.88545686007,-0.0061433447099,2026_04_30_15_23_RISE_Baymeadows_Market.xlsx
2026-04-30,2026-04-01,BAY,Steele Creek,A1 798sf 1/1,1,1,798,138.996138996,0.463333333333,1,28,1536,1.92481207848,9,9,1620,2.03007507324,0,2026_04_30_15_23_RISE_Baymeadows_Market.xlsx
2026-04-30,2026-04-01,BAY,JTB Apartments,H,1,1,801,4,0.0114285714286,0,,,,4,3,2561,3.19725346565,0,2026_04_30_15_23_RISE_Baymeadows_Market.xlsx
2026-04-30,2026-04-01,BAY,Haven 8181,Palm,1,1,804,5.48076923077,0.0146198830409,0,98,,,2,18,1674,2.08208954334,0,2026_04_30_15_23_RISE_Baymeadows_Market.xlsx
2026-04-30,2026-04-01,BAY,Avere Southside Quarter,A4 - 1x1,1,1,808,2.13245033113,0.00621118012422,0,,,,2,2,1690,2.09158420563,0,2026_04_30_15_23_RISE_Baymeadows_Market.xlsx
2026-04-30,2026-04-01,BAY,Avere Southside Quarter,A4,1,1,808,11.7284768212,0.0372670807453,0,41,,,1,168,1608,1.99009895325,0,2026_04_30_15_23_RISE_Baymeadows_Market.xlsx
2026-04-30,2026-04-01,BAY,Fusion,Carbon - some INCLUDE covered same level parking space,1,1,810,84.263322884,0.21875,0,36,,,5,20,1649,2.03580236435,0.0151607034566,2026_04_30_15_23_RISE_Baymeadows_Market.xlsx
2026-04-30,2026-04-01,BAY,Avere Southside Quarter,A5 - 1x1,1,1,810,2.13245033113,0.00621118012422,0,,,,2,2,1694,2.09135806561,0,2026_04_30_15_23_RISE_Baymeadows_Market.xlsx
2026-04-30,2026-04-01,BAY,Avere Southside Quarter,A5,1,1,810,18.1258278146,0.055900621118,1,58,1645,2.03086423874,1,76,1650,2.03703713417,0,2026_04_30_15_23_RISE_Baymeadows_Market.xlsx
2026-04-30,2026-04-01,BAY,Woodside at Seven Pines,A2,1,1,815,63.9175257732,0.213333333333,2,45.5,1651.5,2.02638041973,3,49.5,1725,2.11656451225,0,2026_04_30_15_23_RISE_Baymeadows_Market.xlsx
2026-04-30,2026-04-01,BAY,The Maggie Flats,A2,1,1,816,56.8421052632,0.203571428571,0,77,,,7,38,1515,1.85661768913,0,2026_04_30_15_23_RISE_Baymeadows_Market.xlsx
2026-04-30,2026-04-01,BAY,Steele Creek,A2 851sf 1/1,1,1,851,17.3745173745,0.0566666666667,0,25,,,1,9,1721,2.02232670784,0,2026_04_30_15_23_RISE_Baymeadows_Market.xlsx
2026-04-30,2026-04-01,BAY,JTB Apartments,A1P,1,1,860,18,0.0514285714286,0,,,,18,3,1872,2.17674422264,0,2026_04_30_15_23_RISE_Baymeadows_Market.xlsx
2026-04-30,2026-04-01,BAY,Pinnacle,Axiom,1,1,863,72.3076923077,0.191489361702,2,48,1589,1.8412514329,6,8,1565,1.81344151497,0.0156347717323,2026_04_30_15_23_RISE_Baymeadows_Market.xlsx
2026-04-30,2026-04-01,BAY,Haven 8181,Coral,1,1,869,8.76923076923,0.0263157894737,1,8,1699,1.95512080193,5,20,1899,2.18527030945,0,2026_04_30_15_23_RISE_Baymeadows_Market.xlsx
2026-04-30,2026-04-01,BAY,RISE Baymeadows,The Aspen,1,1,900,9.19444444444,0.0271903323263,0,61.5,,,1,296,1630,1.81111109257,0,2026_04_30_15_23_RISE_Baymeadows_Market.xlsx
2026-04-30,2026-04-01,BAY,Haven 8181,Sail,1,1,948,2.19230769231,0.00584795321637,0,104,,,1,20,2099,2.21413493156,0,2026_04_30_15_23_RISE_Baymeadows_Market.xlsx
2026-04-30,2026-04-01,BAY,Artea,A4,1,1,952,17.3801916933,0.05,0,138,,,6,294,2115,2.2216386795,0,2026_04_30_15_23_RISE_Baymeadows_Market.xlsx
2026-04-30,2026-04-01,BAY,Fusion,Nitrogen - some INCLUDE same level parking space,1,1.5,1010,80.6520376176,0.2109375,2,37,1701.5,1.68465346098,6,10,1646.5,1.63019800186,0.0214855739718,2026_04_30_15_23_RISE_Baymeadows_Market.xlsx
2026-04-30,2026-04-01,BAY,Pinnacle,Optimum - offering Den/Sunroom or Office options),1,1.5,1054,46.4835164835,0.122340425532,0,49,,,2,43.5,1829,1.73529410362,0.00826901874311,2026_04_30_15_23_RISE_Baymeadows_Market.xlsx
2026-04-30,2026-04-01,BAY,WaterWalk Jacksonville - All bills paid - ...,2bed 1bath ADA,2,1,750,3.57142857143,0.08,0,,,,1,12,1750,2.33333325386,0,2026_04_30_15_23_RISE_Baymeadows_Market.xlsx
2026-04-30,2026-04-01,BAY,WaterWalk Jacksonville - All bills paid - ...,2bed 1bath,2,1,750,3.57142857143,0.08,0,,,,1,2,1750,2.33333325386,0,2026_04_30_15_23_RISE_Baymeadows_Market.xlsx
2026-04-30,2026-04-01,BAY,Elevate Baymeadows,B1 - 2 Bed - 1 Bath - 1015 sq. ft.,2,1,1015,27.4285714286,0.140625,0,,,,1,592,1400,1.37931036949,0,2026_04_30_15_23_RISE_Baymeadows_Market.xlsx
2026-04-30,2026-04-01,BAY,AVIA Lofts on Liberty Ridge,Two Bedroom Loft,2,2,800,28.2522522523,0.25,0,360.5,,,6,21.5,1399,1.74874997139,-0.0714796283059,2026_04_30_15_23_RISE_Baymeadows_Market.xlsx
2026-04-30,2026-04-01,BAY,JTB Apartments,J,2,2,942,1,0.00285714285714,0,,,,1,3,3312,3.51592350006,0,2026_04_30_15_23_RISE_Baymeadows_Market.xlsx
2026-04-30,2026-04-01,BAY,JTB Apartments,2,2,2,1010,67,0.191428571429,0,78,,,12,34.5,1631,1.61485147476,-0.0491312162972,2026_04_30_15_23_RISE_Baymeadows_Market.xlsx
2026-04-30,2026-04-01,BAY,Olympus Preserve at Town Center,B2A,2,2,1026,33,0.0891891891892,0,75,,,2,35,1933,1.88401556015,-0.0181018877683,2026_04_30_15_23_RISE_Baymeadows_Market.xlsx
2026-04-30,2026-04-01,BAY,JTB Apartments,B1P,2,2,1050,11,0.0314285714286,0,,,,11,3,2506,2.38666677475,0,2026_04_30_15_23_RISE_Baymeadows_Market.xlsx
2026-04-30,2026-04-01,BAY,Artea,B1,2,2,1053,52.1405750799,0.152941176471,2,133,2085,1.98005694151,13,274,2180,2.0702753067,-0.00114678899083,2026_04_30_15_23_RISE_Baymeadows_Market.xlsx
2026-04-30,2026-04-01,BAY,Artea,B1LL,2,2,1053,2.17252396166,0.00588235294118,1,53,2140,2.03228878975,1,34,2160,2.05128216743,0,2026_04_30_15_23_RISE_Baymeadows_Market.xlsx
2026-04-30,2026-04-01,BAY,RISE Baymeadows,The Summit,2,2,1055,53.8531746032,0.163141993958,0,90.5,,,16,29,1543,1.46255922318,0,2026_04_30_15_23_RISE_Baymeadows_Market.xlsx
2026-04-30,2026-04-01,BAY,Haven 8181,Shoreline,2,2,1058,9.86538461538,0.0292397660819,0,34,,,4,20,1849,1.74763709307,0,2026_04_30_15_23_RISE_Baymeadows_Market.xlsx
2026-04-30,2026-04-01,BAY,RISE Baymeadows,The Meadow,2,2,1059,38.0912698413,0.114803625378,2,56,1585.5,1.49716717005,10,123.5,1574,1.48630785942,0,2026_04_30_15_23_RISE_Baymeadows_Market.xlsx
2026-04-30,2026-04-01,BAY,Woodside at Seven Pines,B2,2,2,1067,32.9896907216,0.11,1,40,2169,2.03280234337,3,18,2205,2.06654167175,0.0173010380623,2026_04_30_15_23_RISE_Baymeadows_Market.xlsx
2026-04-30,2026-04-01,BAY,JTB Apartments,N,2,2,1097,2,0.00571428571429,0,,,,2,3,3363,3.07712805271,0,2026_04_30_15_23_RISE_Baymeadows_Market.xlsx
2026-04-30,2026-04-01,BAY,RISE Baymeadows,The Marsh,2,2,1098,39.4047619048,0.117824773414,3,52,1662,1.51366114616,11,49,1657,1.50910747051,0,2026_04_30_15_23_RISE_Baymeadows_Market.xlsx
2026-04-30,2026-04-01,BAY,RISE Baymeadows,The Banyan,2,2,1107,2.62698412698,0.00906344410876,0,,,,2,218.5,1673.5,1.51174342632,-0.0961319681456,2026_04_30_15_23_RISE_Baymeadows_Market.xlsx
2026-04-30,2026-04-01,BAY,RISE Baymeadows,The Hollow,2,2,1112,3.94047619048,0.012084592145,1,143,1630,1.46582734585,1,366,1607,1.44514393806,0,2026_04_30_15_23_RISE_Baymeadows_Market.xlsx
2026-04-30,2026-04-01,BAY,Steele Creek,B1 1122 sf 2/2,2,2,1122,52.1235521236,0.173333333333,1,46,1819,1.62121212482,4,7.5,1828,1.6292334795,0.0137577555975,2026_04_30_15_23_RISE_Baymeadows_Market.xlsx
2026-04-30,2026-04-01,BAY,RISE Baymeadows,The Venture,2,2,1123,5.25396825397,0.0151057401813,0,19,,,3,241,1616,1.43900263309,0.0532178217822,2026_04_30_15_23_RISE_Baymeadows_Market.xlsx
2026-04-30,2026-04-01,BAY,Avere Southside Quarter,B1 - 2x2,2,2,1124,6.39735099338,0.0186335403727,0,,,,6,2,2212,1.96797156334,0,2026_04_30_15_23_RISE_Baymeadows_Market.xlsx
2026-04-30,2026-04-01,BAY,JTB Apartments,M,2,2,1125,1,0.00285714285714,0,,,,1,3,3443,3.06044435501,0,2026_04_30_15_23_RISE_Baymeadows_Market.xlsx
2026-04-30,2026-04-01,BAY,Olympus Preserve at Town Center,B2B,2,2,1138,13,0.0351351351351,0,33.5,,,1,15,1866,1.63971877098,0.016077170418,2026_04_30_15_23_RISE_Baymeadows_Market.xlsx
2026-04-30,2026-04-01,BAY,Avere Southside Quarter,B3 - 2x2,2,2,1147,3.19867549669,0.00931677018634,0,,,,3,2,2262,1.97210109234,0,2026_04_30_15_23_RISE_Baymeadows_Market.xlsx
2026-04-30,2026-04-01,BAY,Haven 8181,Current,2,2,1149,5.48076923077,0.0146198830409,0,100,,,1,14.5,2064,1.79634463787,0,2026_04_30_15_23_RISE_Baymeadows_Market.xlsx
2026-04-30,2026-04-01,BAY,Steele Creek,B2 1153 sf 2/2,2,2,1153,32.4324324324,0.106666666667,0,42,,,5,9,1980,1.71725928783,0.0081466395112,2026_04_30_15_23_RISE_Baymeadows_Market.xlsx
2026-04-30,2026-04-01,BAY,The Maggie Flats,B1,2,2,1164,24.2105263158,0.0857142857143,0,116,,,15,436,1955,1.67955327034,0,2026_04_30_15_23_RISE_Baymeadows_Market.xlsx
2026-04-30,2026-04-01,BAY,JTB Apartments,2A,2,2,1169,16,0.0457142857143,0,28,,,3,23,1734,1.48331904411,-0.0119726339795,2026_04_30_15_23_RISE_Baymeadows_Market.xlsx
2026-04-30,2026-04-01,BAY,RISE Baymeadows,The Pinnacle,2,2,1171,9.19444444444,0.0271903323263,1,20,1744,1.48932540417,1,329,1726,1.47395384312,0,2026_04_30_15_23_RISE_Baymeadows_Market.xlsx
2026-04-30,2026-04-01,BAY,The Maggie Flats,B1C,2,2,1176,102.105263158,0.364285714286,2,223,1822,1.54931974411,37,436,1799,1.52976191044,0,2026_04_30_15_23_RISE_Baymeadows_Market.xlsx
2026-04-30,2026-04-01,BAY,Woodside at Seven Pines,B5 (Den),2,2,1186,12.3711340206,0.04,1,72.5,2383,2.00927495956,6,22,2514,2.11973023415,0.00399361022364,2026_04_30_15_23_RISE_Baymeadows_Market.xlsx
2026-04-30,2026-04-01,BAY,JTB Apartments,O,2,2,1188,1,0.00285714285714,0,,,,1,3,3687,3.10353541374,0,2026_04_30_15_23_RISE_Baymeadows_Market.xlsx
2026-04-30,2026-04-01,BAY,Woodside at Seven Pines,B3,2,2,1196,18.5567010309,0.0633333333333,1,44,2154,1.80100333691,1,35,2255,1.88545155525,0,2026_04_30_15_23_RISE_Baymeadows_Market.xlsx
2026-04-30,2026-04-01,BAY,Fusion,Nickel - some INCLUDE same level parking space,2,2,1200,79.4482758621,0.205729166667,2,36,1964,1.63666665554,1,15,1999,1.665833354,-0.0172074729597,2026_04_30_15_23_RISE_Baymeadows_Market.xlsx
2026-04-30,2026-04-01,BAY,Steele Creek,B3 1202 sf 2/2,2,2,1202,23.166023166,0.0766666666667,1,24,1912,1.59068214893,1,3,1870,1.55574047565,0,2026_04_30_15_23_RISE_Baymeadows_Market.xlsx
2026-04-30,2026-04-01,BAY,Avere Southside Quarter,B4,2,2,1206,3.19867549669,0.00931677018634,0,165.5,,,1,13,2484,2.05970144272,0,2026_04_30_15_23_RISE_Baymeadows_Market.xlsx
2026-04-30,2026-04-01,BAY,Avere Southside Quarter,B4 - 2x2,2,2,1206,1.06622516556,0.00310559006211,0,,,,1,2,2525,2.09369826317,0,2026_04_30_15_23_RISE_Baymeadows_Market.xlsx
2026-04-30,2026-04-01,BAY,JTB Apartments,2B,2,2,1207,49,0.14,0,69.5,,,5,28,1793,1.48550128937,-0.0197910940077,2026_04_30_15_23_RISE_Baymeadows_Market.xlsx
2026-04-30,2026-04-01,BAY,JTB Apartments,P,2,2,1218,1,0.00285714285714,0,,,,1,3,3828,3.14285707474,0,2026_04_30_15_23_RISE_Baymeadows_Market.xlsx
2026-04-30,2026-04-01,BAY,Olympus Preserve at Town Center,B2C,2,2,1250,45,0.121621621622,0,52,,,4,1,2074.5,1.65959995985,-0.00530248252591,2026_04_30_15_23_RISE_Baymeadows_Market.xlsx
2026-04-30,2026-04-01,BAY,Olympus Preserve at Town Center,B2D,2,2,1250,31,0.0837837837838,0,65,,,2,1,2039,1.63119995594,0.0213339872487,2026_04_30_15_23_RISE_Baymeadows_Market.xlsx
2026-04-30,2026-04-01,BAY,JTB Apartments,R,2,2,1267,1,0.00285714285714,0,,,,1,3,4393,3.46724557877,0,2026_04_30_15_23_RISE_Baymeadows_Market.xlsx
2026-04-30,2026-04-01,BAY,Artea,B3,2,2,1268,8.69009584665,0.0264705882353,0,90,,,1,4,2635,2.07807564735,0,2026_04_30_15_23_RISE_Baymeadows_Market.xlsx
2026-04-30,2026-04-01,BAY,Haven 8181,Harbor,2,2,1292,30.6923076923,0.0906432748538,1,32.5,2234,1.7291021347,9,20,2099,1.62461304665,-0.00357313006193,2026_04_30_15_23_RISE_Baymeadows_Market.xlsx
2026-04-30,2026-04-01,BAY,JTB Apartments,S,2,2,1371,1,0.00285714285714,0,,,,1,3,4563,3.32822751999,0,2026_04_30_15_23_RISE_Baymeadows_Market.xlsx
2026-04-30,2026-04-01,BAY,JTB Apartments,T,2,2,1389,2,0.00571428571429,0,,,,2,3,5733,4.12742972374,0,2026_04_30_15_23_RISE_Baymeadows_Market.xlsx
2026-04-30,2026-04-01,BAY,Pinnacle,Paramount,2,2.5,1292,80.5714285714,0.215425531915,0,44.5,,,4,62.5,1899,1.46981430054,0,2026_04_30_15_23_RISE_Baymeadows_Market.xlsx
2026-04-30,2026-04-01,BAY,Pinnacle,Xanadu,2,2.5,1316,46.4835164835,0.122340425532,1,66,2049,1.55699086189,3,6,1989,1.51139819622,-0.0245218244237,2026_04_30_15_23_RISE_Baymeadows_Market.xlsx
2026-04-30,2026-04-01,BAY,Fusion,Titanium - some INCLUDE same level parking space,2,2.5,1348,19.2601880878,0.0494791666667,1,76.5,1999,1.4829376936,2,6.5,2099,1.55712163448,0,2026_04_30_15_23_RISE_Baymeadows_Market.xlsx
2026-04-30,2026-04-01,BAY,Fusion,Copper - some INCLUDE same level parking space,2,2.5,1363,19.2601880878,0.0494791666667,1,63.5,2169,1.5913425684,0,,,,,2026_04_30_15_23_RISE_Baymeadows_Market.xlsx
2026-04-30,2026-04-01,BAY,Pinnacle,Utopia,2,2.5,1391,20.6593406593,0.0558510638298,0,70,,,3,36,2069,1.48741912842,-0.0696942446043,2026_04_30_15_23_RISE_Baymeadows_Market.xlsx
2026-04-30,2026-04-01,BAY,Steele Creek,C1 1380sf 3/2,3,2,1380,16.2162162162,0.0533333333333,0,20,,,3,9,2243,1.62536227703,-0.00708277999115,2026_04_30_15_23_RISE_Baymeadows_Market.xlsx
2026-04-30,2026-04-01,BAY,JTB Apartments,3,3,2,1387,16,0.0457142857143,0,127.5,,,8,34,1929,1.39077150822,-0.0193149626577,2026_04_30_15_23_RISE_Baymeadows_Market.xlsx
2026-04-30,2026-04-01,BAY,RISE Baymeadows,The Edge,3,2,1426,21.0158730159,0.0634441087613,1,101.5,2259,1.58415150642,4,349,2222,1.55820477009,0,2026_04_30_15_23_RISE_Baymeadows_Market.xlsx
2026-04-30,2026-04-01,BAY,RISE Baymeadows,The Ascent,3,2,1500,7.88095238095,0.02416918429,0,269,,,3,329,2286,1.52400004864,0,2026_04_30_15_23_RISE_Baymeadows_Market.xlsx
2026-04-30,2026-04-01,BAY,Woodside at Seven Pines,C1,3,2,1530,12.3711340206,0.04,0,36.5,,,4,10,2827,1.84771239758,0,2026_04_30_15_23_RISE_Baymeadows_Market.xlsx
2026-04-30,2026-04-01,BAY,JTB Apartments,V,3,2,1700,1,0.00285714285714,0,,,,1,3,6502,3.82470583916,0,2026_04_30_15_23_RISE_Baymeadows_Market.xlsx
2026-04-30,2026-04-01,BAY,Fusion,Silver - some INCLUDE same level parking space,3,2.5,1455,8.4263322884,0.0208333333333,0,58,,,1,104,2299,1.58006870747,-0.0107573149742,2026_04_30_15_23_RISE_Baymeadows_Market.xlsx
2026-04-30,2026-04-01,BAY,Pinnacle,Zion,3,2.5,1492,19.6263736264,0.0531914893617,1,144.5,2199,1.47386062145,3,57,2549,1.70844507217,-0.0769526741054,2026_04_30_15_23_RISE_Baymeadows_Market.xlsx
2026-04-30,2026-04-01,BAY,Fusion,Gold - some INCLUDE same level parking space,3,2.5,1584,25.2789968652,0.0651041666667,0,50,,,5,28,2524,1.5934343338,-0.0888603884207,2026_04_30_15_23_RISE_Baymeadows_Market.xlsx
2026-04-30,2026-04-01,BAY,Pinnacle,Zenith,3,2.5,1584,35.1208791209,0.093085106383,1,103,2299,1.45138883591,3,21,2428,1.53282833099,0,2026_04_30_15_23_RISE_Baymeadows_Market.xlsx
2026-04-30,2026-04-01,BAY,JTB Apartments,3A,3,3,1460,16,0.0457142857143,0,26,,,3,82,2139,1.46506845951,-0.00463177396943,2026_04_30_15_23_RISE_Baymeadows_Market.xlsx
2026-04-30,2026-04-01,BAY,Olympus Preserve at Town Center,C3A,3,3,1534,22,0.0594594594595,0,146,,,3,1,2716,1.77053451538,0,2026_04_30_15_23_RISE_Baymeadows_Market.xlsx
2026-04-30,2026-04-01,BAY,Haven 8181,Atlantic,3,3,1538,2.19230769231,0.00584795321637,0,,,,2,12.5,3080,2.00260066986,0,2026_04_30_15_23_RISE_Baymeadows_Market.xlsx
